Keyword	Avg. monthly searches	Competition	Top of page bid (low range)	Top of page bid (high range)
pressure washing clearwater fl	500	Low	4.06	13.65
pressure washing st petersburg fl	500	Low	4.3	17.57
pressure washing tampa fl	5000	Low	5.3	17
roof cleaning clearwater fl	50	Low	0	0
roof cleaning st petersburg fl	50	Low	0	0
pressure washing tampa	5000	Low	5.3	17
roof cleaning tampa	500	Medium	7.52	25
pressure washing clearwater	500	Low	4.06	13.65
tampa power washing	5000	Low	5.3	17
tampa bay pressure washing	50	Medium	8.61	16.92
tampa pressure washing services	50	High	8.24	19.99
pressure washing st pete	500	Low	4.3	17.57
tampa pressure washing companies	50	Low	0	0
power washing st petersburg fl	500	Low	4.3	17.57
pressure washing tampa bay	50	Medium	0	0
commercial pressure washing tampa	50	Low	0	0
pressure washing st petersburg	500	Low	4.3	17.57
pressure washing in tampa fl	5000	Low	5.3	17
pressure washing new tampa	50	High	0	0
pressure washing company tampa	50	Low	0	0
pressure washing services tampa fl	50	Low	0	0
roof cleaning tampa fl	500	Medium	7.52	25
pressure washer service clearwater fl	50	High	0	0
power washing tampa fl	5000	Low	5.3	17
carrollwood pressure washing	50	Medium	2.72	19.05
pressure cleaning tampa	5000	Low	5.3	17
roof washing tampa	500	Medium	7.52	25
roof cleaning clearwater	50	Low	0	0
a tampa bay pressure washing	50	Unknown	0	0
ameritech pressure washer tampa	50	Medium	2.1	13.65
clearwater roof cleaning	50	Low	0	0
commercial pressure washing services tampa	50	Unknown	0	0
commercial pressure washing tampa fl	50	Low	0	0
driveway pressure washing tampa	50	Low	0	0
house pressure washing tampa	50	Low	0	0
house washing tampa	50	Unknown	0	0
power washing clearwater fl	500	Low	4.06	13.65
pressure cleaning tampa fl	50	Unknown	0	0
pressure washer service clearwater	50	Medium	0	0
pressure washing companies tampa fl	50	Low	0	0
pressure washing in clearwater	500	Low	4.06	13.65
pressure washing in tampa florida	50	Unknown	0	0
pressure washing service tampa	50	Low	0	0
pressure washing services clearwater fl	50	High	0	0
pressure washing supplies tampa fl	50	High	0	0
roof cleaning in tampa	500	Medium	7.52	25
roof cleaning st pete	50	Unknown	0	0
roof cleaning tampa palms	50	Unknown	0	0
roof pressure washing tampa	50	Low	0	0
tampa bay pressure washing llc	50	Low	0	0
tampa fl pressure washing	5000	Low	5.3	17
tampa florida pressure washing	50	Unknown	0	0
tampa pressure cleaning	5000	Low	5.3	17
tampa roof cleaning services	50	Unknown	0	0
house washing clearwater fl	50	Unknown	0	0
house washing tampa fl	50	Unknown	0	0
paver sealing clearwater fl	0	Unknown	0	0
driveway cleaning clearwater fl	0	Unknown	0	0
soft washing clearwater fl	0	Unknown	0	0
